"cmsnet_10_aryo_activity_log","histid"
"cmsnet_10_aryo_activity_log_temp110temp","histid"
"cmsnet_10_cn_social_icon","id"
"cmsnet_10_commentmeta","meta_id"
"cmsnet_10_comments","comment_ID"
"cmsnet_10_links","link_id"
"cmsnet_10_lockdowns","lockdown_ID"
"cmsnet_10_login_fails","login_attempt_ID"
"cmsnet_10_options","option_id"
"cmsnet_10_postmeta","meta_id"
"cmsnet_10_posts","ID"
"cmsnet_10_rg_form","id"
"cmsnet_10_rg_form_meta","form_id"
"cmsnet_10_rg_form_view","id"
"cmsnet_10_rg_incomplete_submissions","uuid"
"cmsnet_10_statistics_exclusions","ID"
"cmsnet_10_statistics_historical","ID"
"cmsnet_10_statistics_pages","page_id"
"cmsnet_10_statistics_search","ID"
"cmsnet_10_statistics_useronline","ID"
"cmsnet_10_term_relationships","object_id"
"cmsnet_10_term_relationships","term_taxonomy_id"
"cmsnet_10_term_relationships_bak","object_id"
"cmsnet_10_term_relationships_bak","term_taxonomy_id"
"cmsnet_10_term_taxonomy","term_taxonomy_id"
"cmsnet_10_termmeta","meta_id"
"cmsnet_10_terms","term_id"
"cmsnet_10_trp_dictionary_fa_ir_en_us","id"
"cmsnet_10_trp_gettext_en_us","id"
"cmsnet_10_trp_gettext_fa_ir","id"
"cmsnet_10_trp_original_meta","meta_id"
"cmsnet_10_trp_original_strings","id"
"cmsnet_10_wc_download_log","download_log_id"
"cmsnet_10_wc_webhooks","webhook_id"
"cmsnet_10_woocommerce_api_keys","key_id"
"cmsnet_10_woocommerce_attribute_taxonomies","attribute_id"
"cmsnet_10_woocommerce_downloadable_product_permissions","permission_id"
"cmsnet_10_woocommerce_log","log_id"
"cmsnet_10_woocommerce_order_itemmeta","meta_id"
"cmsnet_10_woocommerce_order_items","order_item_id"
"cmsnet_10_woocommerce_payment_tokenmeta","meta_id"
"cmsnet_10_woocommerce_payment_tokens","token_id"
"cmsnet_10_woocommerce_sessions","session_key"
"cmsnet_10_woocommerce_shipping_zone_locations","location_id"
"cmsnet_10_woocommerce_shipping_zone_methods","instance_id"
"cmsnet_10_woocommerce_shipping_zones","zone_id"
"cmsnet_10_woocommerce_tax_rate_locations","location_id"
"cmsnet_10_woocommerce_tax_rates","tax_rate_id"
"cmsnet_2_cn_social_icon","id"
"cmsnet_2_rg_form","id"
"cmsnet_2_rg_form_meta","form_id"
"cmsnet_2_rg_form_view","id"
"cmsnet_2_rg_incomplete_submissions","uuid"
"cmsnet_2_rg_lead","id"
"cmsnet_2_rg_lead_detail","id"
"cmsnet_2_rg_lead_detail_long","lead_detail_id"
"cmsnet_2_rg_lead_meta","id"
"cmsnet_2_rg_lead_notes","id"
"cmsnet_2_woocommerce_api_keys","key_id"
"cmsnet_2_woocommerce_attribute_taxonomies","attribute_id"
"cmsnet_2_woocommerce_downloadable_product_permissions","permission_id"
"cmsnet_2_woocommerce_ir","id"
"cmsnet_2_woocommerce_log","log_id"
"cmsnet_2_woocommerce_order_itemmeta","meta_id"
"cmsnet_2_woocommerce_order_items","order_item_id"
"cmsnet_2_woocommerce_payment_tokenmeta","meta_id"
"cmsnet_2_woocommerce_payment_tokens","token_id"
"cmsnet_2_woocommerce_sessions","session_key"
"cmsnet_2_woocommerce_shipping_zone_locations","location_id"
"cmsnet_2_woocommerce_shipping_zone_methods","instance_id"
"cmsnet_2_woocommerce_shipping_zones","zone_id"
"cmsnet_2_woocommerce_tax_rate_locations","location_id"
"cmsnet_2_woocommerce_tax_rates","tax_rate_id"
"cmsnet_4_aryo_activity_log","histid"
"cmsnet_4_cn_social_icon","id"
"cmsnet_4_commentmeta","meta_id"
"cmsnet_4_comments","comment_ID"
"cmsnet_4_links","link_id"
"cmsnet_4_lockdowns","lockdown_ID"
"cmsnet_4_login_fails","login_attempt_ID"
"cmsnet_4_options","option_id"
"cmsnet_4_postmeta","meta_id"
"cmsnet_4_posts","ID"
"cmsnet_4_rg_form","id"
"cmsnet_4_rg_form_meta","form_id"
"cmsnet_4_rg_form_view","id"
"cmsnet_4_rg_incomplete_submissions","uuid"
"cmsnet_4_rg_lead","id"
"cmsnet_4_rg_lead_detail","id"
"cmsnet_4_rg_lead_detail_long","lead_detail_id"
"cmsnet_4_rg_lead_meta","id"
"cmsnet_4_rg_lead_notes","id"
"cmsnet_4_statistics_exclusions","ID"
"cmsnet_4_statistics_historical","ID"
"cmsnet_4_statistics_search","ID"
"cmsnet_4_statistics_useronline","ID"
"cmsnet_4_statistics_visit","ID"
"cmsnet_4_statistics_visitor","ID"
"cmsnet_4_term_relationships","object_id"
"cmsnet_4_term_relationships","term_taxonomy_id"
"cmsnet_4_term_taxonomy","term_taxonomy_id"
"cmsnet_4_termmeta","meta_id"
"cmsnet_4_terms","term_id"
"cmsnet_4_wc_download_log","download_log_id"
"cmsnet_4_wc_product_meta_lookup","product_id"
"cmsnet_4_wc_webhooks","webhook_id"
"cmsnet_4_woocommerce_api_keys","key_id"
"cmsnet_4_woocommerce_attribute_taxonomies","attribute_id"
"cmsnet_4_woocommerce_downloadable_product_permissions","permission_id"
"cmsnet_4_woocommerce_ir","id"
"cmsnet_4_woocommerce_log","log_id"
"cmsnet_4_woocommerce_order_itemmeta","meta_id"
"cmsnet_4_woocommerce_order_items","order_item_id"
"cmsnet_4_woocommerce_payment_tokenmeta","meta_id"
"cmsnet_4_woocommerce_payment_tokens","token_id"
"cmsnet_4_woocommerce_sessions","session_id"
"cmsnet_4_woocommerce_shipping_zone_locations","location_id"
"cmsnet_4_woocommerce_shipping_zone_methods","instance_id"
"cmsnet_4_woocommerce_shipping_zones","zone_id"
"cmsnet_4_woocommerce_tax_rate_locations","location_id"
"cmsnet_4_woocommerce_tax_rates","tax_rate_id"
"cmsnet_5_cn_social_icon","id"
"cmsnet_5_rg_form","id"
"cmsnet_5_rg_form_meta","form_id"
"cmsnet_5_rg_form_view","id"
"cmsnet_5_rg_incomplete_submissions","uuid"
"cmsnet_5_rg_lead","id"
"cmsnet_5_rg_lead_detail","id"
"cmsnet_5_rg_lead_detail_long","lead_detail_id"
"cmsnet_5_rg_lead_meta","id"
"cmsnet_5_rg_lead_notes","id"
"cmsnet_5_woocommerce_api_keys","key_id"
"cmsnet_5_woocommerce_attribute_taxonomies","attribute_id"
"cmsnet_5_woocommerce_downloadable_product_permissions","permission_id"
"cmsnet_5_woocommerce_ir","id"
"cmsnet_5_woocommerce_log","log_id"
"cmsnet_5_woocommerce_order_itemmeta","meta_id"
"cmsnet_5_woocommerce_order_items","order_item_id"
"cmsnet_5_woocommerce_payment_tokenmeta","meta_id"
"cmsnet_5_woocommerce_payment_tokens","token_id"
"cmsnet_5_woocommerce_sessions","session_key"
"cmsnet_5_woocommerce_shipping_zone_locations","location_id"
"cmsnet_5_woocommerce_shipping_zone_methods","instance_id"
"cmsnet_5_woocommerce_shipping_zones","zone_id"
"cmsnet_5_woocommerce_tax_rate_locations","location_id"
"cmsnet_5_woocommerce_tax_rates","tax_rate_id"
"cmsnet_6_aryo_activity_log","histid"
"cmsnet_6_cn_social_icon","id"
"cmsnet_6_lockdowns","lockdown_ID"
"cmsnet_6_login_fails","login_attempt_ID"
"cmsnet_6_rg_form","id"
"cmsnet_6_rg_form_meta","form_id"
"cmsnet_6_rg_form_view","id"
"cmsnet_6_rg_incomplete_submissions","uuid"
"cmsnet_6_rg_lead","id"
"cmsnet_6_rg_lead_detail","id"
"cmsnet_6_rg_lead_detail_long","lead_detail_id"
"cmsnet_6_rg_lead_meta","id"
"cmsnet_6_rg_lead_notes","id"
"cmsnet_6_woocommerce_api_keys","key_id"
"cmsnet_6_woocommerce_attribute_taxonomies","attribute_id"
"cmsnet_6_woocommerce_downloadable_product_permissions","permission_id"
"cmsnet_6_woocommerce_ir","id"
"cmsnet_6_woocommerce_log","log_id"
"cmsnet_6_woocommerce_order_itemmeta","meta_id"
"cmsnet_6_woocommerce_order_items","order_item_id"
"cmsnet_6_woocommerce_payment_tokenmeta","meta_id"
"cmsnet_6_woocommerce_payment_tokens","token_id"
"cmsnet_6_woocommerce_sessions","session_key"
"cmsnet_6_woocommerce_shipping_zone_locations","location_id"
"cmsnet_6_woocommerce_shipping_zone_methods","instance_id"
"cmsnet_6_woocommerce_shipping_zones","zone_id"
"cmsnet_6_woocommerce_tax_rate_locations","location_id"
"cmsnet_6_woocommerce_tax_rates","tax_rate_id"
"cmsnet_7_aryo_activity_log","histid"
"cmsnet_7_cn_social_icon","id"
"cmsnet_7_lockdowns","lockdown_ID"
"cmsnet_7_login_fails","login_attempt_ID"
"cmsnet_7_rg_form","id"
"cmsnet_7_rg_form_meta","form_id"
"cmsnet_7_rg_form_view","id"
"cmsnet_7_rg_incomplete_submissions","uuid"
"cmsnet_7_rg_lead","id"
"cmsnet_7_rg_lead_detail","id"
"cmsnet_7_rg_lead_detail_long","lead_detail_id"
"cmsnet_7_rg_lead_meta","id"
"cmsnet_7_rg_lead_notes","id"
"cmsnet_7_woocommerce_api_keys","key_id"
"cmsnet_7_woocommerce_attribute_taxonomies","attribute_id"
"cmsnet_7_woocommerce_downloadable_product_permissions","permission_id"
"cmsnet_7_woocommerce_ir","id"
"cmsnet_7_woocommerce_log","log_id"
"cmsnet_7_woocommerce_order_itemmeta","meta_id"
"cmsnet_7_woocommerce_order_items","order_item_id"
"cmsnet_7_woocommerce_payment_tokenmeta","meta_id"
"cmsnet_7_woocommerce_payment_tokens","token_id"
"cmsnet_7_woocommerce_sessions","session_key"
"cmsnet_7_woocommerce_shipping_zone_locations","location_id"
"cmsnet_7_woocommerce_shipping_zone_methods","instance_id"
"cmsnet_7_woocommerce_shipping_zones","zone_id"
"cmsnet_7_woocommerce_tax_rate_locations","location_id"
"cmsnet_7_woocommerce_tax_rates","tax_rate_id"
"cmsnet_8_aryo_activity_log","histid"
"cmsnet_8_cn_social_icon","id"
"cmsnet_8_lockdowns","lockdown_ID"
"cmsnet_8_login_fails","login_attempt_ID"
"cmsnet_8_rg_form","id"
"cmsnet_8_rg_form_meta","form_id"
"cmsnet_8_rg_form_view","id"
"cmsnet_8_rg_incomplete_submissions","uuid"
"cmsnet_8_rg_lead","id"
"cmsnet_8_rg_lead_detail","id"
"cmsnet_8_rg_lead_detail_long","lead_detail_id"
"cmsnet_8_rg_lead_meta","id"
"cmsnet_8_rg_lead_notes","id"
"cmsnet_8_woocommerce_api_keys","key_id"
"cmsnet_8_woocommerce_attribute_taxonomies","attribute_id"
"cmsnet_8_woocommerce_downloadable_product_permissions","permission_id"
"cmsnet_8_woocommerce_ir","id"
"cmsnet_8_woocommerce_log","log_id"
"cmsnet_8_woocommerce_order_itemmeta","meta_id"
"cmsnet_8_woocommerce_order_items","order_item_id"
"cmsnet_8_woocommerce_payment_tokenmeta","meta_id"
"cmsnet_8_woocommerce_payment_tokens","token_id"
"cmsnet_8_woocommerce_sessions","session_key"
"cmsnet_8_woocommerce_shipping_zone_locations","location_id"
"cmsnet_8_woocommerce_shipping_zone_methods","instance_id"
"cmsnet_8_woocommerce_shipping_zones","zone_id"
"cmsnet_8_woocommerce_tax_rate_locations","location_id"
"cmsnet_8_woocommerce_tax_rates","tax_rate_id"
"cmsnet_9_aryo_activity_log","histid"
"cmsnet_9_cn_social_icon","id"
"cmsnet_9_commentmeta","meta_id"
"cmsnet_9_comments","comment_ID"
"cmsnet_9_links","link_id"
"cmsnet_9_lockdowns","lockdown_ID"
"cmsnet_9_login_fails","login_attempt_ID"
"cmsnet_9_options","option_id"
"cmsnet_9_postmeta","meta_id"
"cmsnet_9_posts","ID"
"cmsnet_9_rg_form","id"
"cmsnet_9_rg_form_meta","form_id"
"cmsnet_9_rg_form_view","id"
"cmsnet_9_rg_incomplete_submissions","uuid"
"cmsnet_9_rg_lead","id"
"cmsnet_9_rg_lead_detail","id"
"cmsnet_9_rg_lead_detail_long","lead_detail_id"
"cmsnet_9_rg_lead_meta","id"
"cmsnet_9_rg_lead_notes","id"
"cmsnet_9_statistics_exclusions","ID"
"cmsnet_9_statistics_historical","ID"
"cmsnet_9_statistics_search","ID"
"cmsnet_9_statistics_useronline","ID"
"cmsnet_9_statistics_visit","ID"
"cmsnet_9_statistics_visitor","ID"
"cmsnet_9_term_relationships","object_id"
"cmsnet_9_term_relationships","term_taxonomy_id"
"cmsnet_9_term_taxonomy","term_taxonomy_id"
"cmsnet_9_termmeta","meta_id"
"cmsnet_9_terms","term_id"
"cmsnet_9_wc_download_log","download_log_id"
"cmsnet_9_wc_product_meta_lookup","product_id"
"cmsnet_9_wc_webhooks","webhook_id"
"cmsnet_9_woocommerce_api_keys","key_id"
"cmsnet_9_woocommerce_attribute_taxonomies","attribute_id"
"cmsnet_9_woocommerce_downloadable_product_permissions","permission_id"
"cmsnet_9_woocommerce_ir","id"
"cmsnet_9_woocommerce_log","log_id"
"cmsnet_9_woocommerce_order_itemmeta","meta_id"
"cmsnet_9_woocommerce_order_items","order_item_id"
"cmsnet_9_woocommerce_payment_tokenmeta","meta_id"
"cmsnet_9_woocommerce_payment_tokens","token_id"
"cmsnet_9_woocommerce_sessions","session_id"
"cmsnet_9_woocommerce_shipping_zone_locations","location_id"
"cmsnet_9_woocommerce_shipping_zone_methods","instance_id"
"cmsnet_9_woocommerce_shipping_zones","zone_id"
"cmsnet_9_woocommerce_tax_rate_locations","location_id"
"cmsnet_9_woocommerce_tax_rates","tax_rate_id"
"cmsnet_blog_versions","blog_id"
"cmsnet_blogmeta","meta_id"
"cmsnet_blogs","blog_id"
"cmsnet_commentmeta","meta_id"
"cmsnet_comments","comment_ID"
"cmsnet_links","link_id"
"cmsnet_postmeta","meta_id"
"cmsnet_posts","ID"
"cmsnet_registration_log","ID"
"cmsnet_signups","signup_id"
"cmsnet_site","id"
"cmsnet_statistics_exclusions","ID"
"cmsnet_statistics_historical","ID"
"cmsnet_statistics_search","ID"
"cmsnet_statistics_useronline","ID"
"cmsnet_term_relationships","object_id"
"cmsnet_term_relationships","term_taxonomy_id"
"cmsnet_termmeta","meta_id"
"cmsnet_wc_download_log","download_log_id"
"cmsnet_wc_webhooks","webhook_id"
"cmsnet_woocommerce_api_keys","key_id"
"cmsnet_woocommerce_attribute_taxonomies","attribute_id"
"cmsnet_woocommerce_downloadable_product_permissions","permission_id"
"cmsnet_woocommerce_log","log_id"
"cmsnet_woocommerce_order_itemmeta","meta_id"
"cmsnet_woocommerce_order_items","order_item_id"
"cmsnet_woocommerce_payment_tokenmeta","meta_id"
"cmsnet_woocommerce_payment_tokens","token_id"
"cmsnet_woocommerce_sessions","session_key"
"cmsnet_woocommerce_shipping_zone_locations","location_id"
"cmsnet_woocommerce_shipping_zone_methods","instance_id"
"cmsnet_woocommerce_shipping_zones","zone_id"
"cmsnet_woocommerce_tax_rate_locations","location_id"
"cmsnet_woocommerce_tax_rates","tax_rate_id"
